marca_descripcion,marca_id
3COM,36
3M,32
A. OTT KEMPTEN,83
A. RODHERS,84
A.B.B.,85
A.B.DICK,103
ABCO,102
ABRNS-LETS,105
ABS,106
ACAMBARO,109
ACANO,110
ACAPULCO,111
ACCEL,112
ACCUATAB,120
ACE,121
ACEA,123
ACELCO,124
ACER,125
ACME,147
ACRA,153
ACROPRINT,116
ACROS,119
ACROTRON,161
ACTECK,6589
ACUANETICS,162
ACUATIC,163
ACUATIC E,164
ACUATRON,165
ADAJE,166
ADCUT,168
ADDI,169
ADDO,170
ADESSO,172
ADEX,173
ADIR,174
ADLER,175
ADMIRAL,176
ADS,171
ADVANCE,177
AEROCOOL,178
AERODINAMICO,179
AERTRON,181
AES,182
AESA,183
AGA,188
AGE,189
AGEA,190
AGII,191
AGILER,192
AGROLAS,193
AGROMEX,194
AINSWORT,197
AIPHONE,198
AIRE-MEX,200
AIRON MATI,201
AIRTEMP,202
AISA,203
AIWA,204
AKAI,205
AKILES,207
ALASKA,210
ALAZCA,211
ALBAR,212
ALBATROS,213
ALCATEL,214
ALCATEL-LUCENT,3500
ALCO,218
ALFA,221
ALFA LAVAL,222
ALFHER,220
ALFI,227
ALFRA,228
ALIFETIME,230
ALIQUOT,232
ALISE,233
ALL AMERICAN,236
ALL WEATHER,253
ALLADIN,238
ALLEN-B,241
ALLER,242
ALLIANCE BROADBAND,243
ALLIED TELESIS,10
ALLIS CHALMERS,247
ALLISON,6546
ALLOY,249
ALLSTEELE,237
ALLTECH,252
ALMIRAL,254
ALPHA,255
ALPHA EXTINTORES,257
ALPHINE,258
ALPINA,260
ALPINE,261
AL-PODER,209
ALSA,262
ALTABUS,264
ALTER R,265
ALTEX,266
ALTOS,267
ALUMAR,268
AMANA,273
AMANO,272
AMARILLO,277
AMARILLONE,278
AMEREX,75
AMERICA,280
AMERICAC,283
AMERICAN OPTICAL,281
AMERICAN POWER,287
AMERICAN RENT,282
AMERICAN/ASIA,292
AMERICANO,293
AMES COMPANY,294
AMICO,365
AMMSA,297
AMPAX,298
AMPESA,299
AMPROBE,300
AMSA,301
AMSECO,302
AMT,303
ANADIC,305
ANCE,307
ANDOR FELCO,308
ANIMARK,309
ANPESA,310
ANSEL COMUNICATIONS,313
ANSI,314
ANSULSE,316
ANTARIX,6540
ANTEFORM,317
ANVIZ,6706
ANWISE,318
AOC,319
AOI,320
AOPEN,72
APC,321
APLETON CUYAS,324
APLUS,325
APOLLO,326
APPLE,6599
APROMEX,328
AQIT KAPTOR,330
AQUAFINE,333
AQUAFULTORIMEG,334
AQUAHEAT,335
AQUALUNG,331
AQUARUS,336
AQUATIC,337
AQUAZTEC,338
ARANDA,339
ARBOGA,6547
ARCENAL,340
ARCO,341
ARES,345
AREXLUX,349
ARGENT,350
ARGOS,351
ARIC CID,352
ARIES,344
ARIMITSU,354
ARISTO,356
ARITC CID,357
ARKAY,358
ARKOS,359
ARMADA,360
ARMEBE,361
ARMES,362
ARMESA,363
ARMEX,364
ARMIDA,366
ARMORED,368
ARO,369
ARQ. OFFICE,6601
ARRIAGA,370
ARRIS,371
ARROMEX,372
ARSENAL COMUNICATION,373
ART WILSON,375
ARTEFORM,376
ARTEX,1
ARTHUR,383
ARTHUR H. THOMAS,2331
ARTI,374
ARVIN,395
ARWIN,396
ASAJI,398
ASCOLA,400
ASCOTA,401
ASEA,402
ASHTECH,76
ASINCRONO,408
ASPERJET,409
ASPERMEX,411
ASTATIC,412
ASTRON,414
ASTROPHYSICS,415
AT&T,418
ATABA,420
ATAGO,422
ATEC,424
ATI,426
ATIC CIRC,433
ATIVA,6679
ATLAS,435
ATN,436
ATP,437
AUDIO WORKS,441
AUDIOGIK,442
AUDIOLOGIC,443
AUDIOMATE,444
AUDITROMIX,445
AURA,446
AUSTRIA,447
AUTEC,449
AUTOBESA,451
AUTOCAR,452
AUTO-SOOM,450
AUTOTROL,453
AUVA,454
AVANTE,457
AVANTI,458
AVAYA,460
AVER MATE,462
AVERYDENNI,463
AV-G-RO,455
AVID,464
AVL,466
AVTECH,6626
AZIMUT,407
AZTECA,467
B AND W,489
B. CARRIER,479
B.G.,484
BABCOCK-ALL,490
BACHARACH,491
BACK-UPS,492
BACO,497
BADGER,499
BAHNSON,506
BALDOR,501
BALSY,502
BALZERS,503
BAME,504
BAMSA,505
BANQUETISS,507
BANTEX,508
BAQUERA,510
BAQUER,509
BAR,511
BARBACHANO,512
BARBERO,513
BARNES,516
BARNES-BARMESA,514
BARNSTEAD,519
BARRERA,522
BATI CINER,524
BATIK,107
BAUCH AND LOMB,527
BAVER,534
BAY NETWORKS,535
BAYER,536
BECG-STEL,540
BECKAM,541
BECKMAN,544
BEDFOR,545
BEELE E HOW,546
BEERGSTEEL,547
BEKA,548
BELAR,551
BELL,6548
BELL AND HOWELL,552
BELMONT,559
BENCHTOP,562
BENDIX,561
BENNETT,563
BENNOTO,564
BENQ,565
BENSA,566
BERG-STEEL,568
BERKEFLIX,569
BERKEL,570
BERLON,571
BESELER,574
BEZARD,575
BHG,577
BICHAD-2,580
BICHI-BRIN,581
BIG AIR,6719
BILORA,582
BIND STREN,583
BINKS,584
BIO TEK INSTRUMENTS,589
BIOMACHER,586
BIONAIRE,6718
BIO-RAD,587
BIP,591
BIRGEEKMAN,592
BIRTMAN,593
BLACK AND DECKER,470
BLAK-RAY,631
BLANKAY,634
BLAST,636
BLENZ,637
BLOWER,638
BLOWTAC,639
BLUE,640
BLUE CODE,641
BLUE M ELE,643
BLUE MELET,644
BLUE POINT,645
BLUE WHITE,646
BOATCYCLE,656
BOCA RESEARCH,659
BODEMIA,661
BOEKEL,662
BOERNER S.,663
BOGEMSA,664
BOGEN,665
BOMBARDIER LEAR JET,6559
BONASA,670
BONDWELL,672
BONSEP,673
BOOMERANG,674
BOOTH,675
BORLAND,676
BOSCH,678
BOSE,6594
BOSHEI,681
BOSTITCH,683
BOSTON,684
BOTCYCLE,685
BOVINO,689
BOX SPRING,691
BOXLIGHT,692
BRANHAUN,699
BRANNAN,700
BRANSONIC,6549
BRAUN,702
BRAWL,754
BREEZAIR,716
BREG-STEL,707
BRETFORD,710
BREWER,715
BREZZ,706
BRIANT,718
BRIDGE,719
BRIGGS AND STRATTON,722
BRILLION,733
BRINKMAN,734
BRIONES,735
BRISA,736
BRISTOLINE,737
BRITTEN,739
BRN,740
BROAN,741
BROCADE,6627
BROCAMEX,742
BROKSONIC,743
BRONTON,746
BROOK,747
BROTHER,749
BROTON,753
BROWN,755
BRUNTON,756
Bsepas,801
BTC,766
BUCHI,769
BUCK SCIENTIFIC,772
BUEKEL,774
BUFFALO,775
BUHER,776
BUHL,777
BULB NOVA,767
BULLARD,779
BUNDY Y DIGGINS,780
BUNN,781
BURLE SECURITY,785
BURREL SCIENTIFIC,787
BURROWS,788
BURTON,789
BUSISA,792
BUTLER,793
BUTRON,794
BW TECHNOLOGIES,795
C E M,802
C.A.I. INC,808
CABAS,816
CABHERS,819
CABHORS,820
CABI,821
CAFIT,822
CAHERES,823
CAHN,825
CAISA,826
CALCOM,832
CALOREX,833
CALPINI,834
CALTIPO,836
CAMBO,839
CAMBOSA,840
CAMBRON,841
CAMEL,842
CAMESA,843
CAMNEL,844
CAMOSA,845
CAMPBELL HAUSFELD,838
CAMPOS,848
CAMPOS HERMANOS,849
CANDELAR,850
CANGURO,851
CANON,852
CAPRI,861
CAPTIVE WORK,813
CARABELA,863
CARDENAL,864
CARDIING MACHINE,865
CAREFRE,866
CAREM,867
CARL ZEISS,878
CARRIER,223
CARTON,903
CASAVARIAN,905
CASE,906
CASIO,907
CASPER,908
CASTELL,910
CASTILLO,914
CASTLE,915
CATCH,921
CATERPILLAR,924
CAUDAL,926
CAVAZOS,929
CAVHERS,931
CE RAYMOND,936
CEA CARTER,937
CECSA,941
CELLSTAR,943
CEMEX,944
CENIT,945
CENTAURO,946
CENTENARIO,947
CENT-O-GRAM,960
CENTRA,950
CENTRAL,951
CENTRAL TOOL,6551
CENTRONICS,954
CENTURY,948
CERBERUS PYROTRONICS,957
CEREZO,958
CERVINE,961
CES,6584
CESSNA,6552
CHAMPION,965
CHAN,967
CHAPARRAL,968
CHARLES BESELER,969
CHARNELA,970
CHATILLON,972
CHAUG,973
CHAUS,974
CHEF STAR,977
CHERRY RIVET,6553
CHESTERMAN,980
CHEVROLET,982
CHICAGO,990
CHICONY,991
CHINAR,992
CHINON,993
CHOPERENA,1000
CHRISTIE,6554
CHROMECA,1006
CHRYSLER,1007
CHYO JUPITER,1009
CIA-MEX,1012
CIASA,1016
CIFARELLI,1019
CIFRA,1021
CIMA,1023
CIMAC,1030
CIME,1032
CIMSSA,1036
CINA,1037
CINABDER,1038
CINSA,1040
CIRCLE,1041
CIRENSE,1042
CIRENT,1043
CISCO SYSTEMS,1045
CITIZEN SYSTEMS,1052
CITOH,1053
CIUDEM,1054
CLASSIC,1055
CLAY ADAMS,1058
CLAYTON,1062
CLEAVER BROOKS,1065
CLIMAUTO,1066
CLIPPER,1067
CMMA,1077
COATCYCLE,1081
COBLEX,1082
COBOS,1083
COBRA,1084
COLBAT,1086
COLDESPOT,1070
COLE PARMER INSTRUMENT,1091
COLEMAN,1093
COLEMAN INSTRUMENTS,1092
COLLOVX,1097
COLONIAL,1098
COLORINES,1099
COLUMBIA,1100
COMAG,1125
COMANC,1105
COMANCHE,1106
COMAND,1107
COMANDER,1108
COMBOY,1116
COMEO,1117
COMET,1118
COMET-MEX,1119
COMFORTABL,1120
COMFORTSTAR,1121
COMING,1122
COMMAND,1126
COMODINA,1129
COMODISSA,1130
COMODO,1132
COMPACTO,1141
COMPANY,1143
COMPAQ,1144
COMPASS,1163
COMPLE,1166
COMPLET,1167
COMPLETER,5632
COMPUAD,1170
COMSA,1171
CONAIRTECH,1172
CONAS,1173
CONDO,1176
CONDICTRONIC,1177
CONDUCTORES MONTERREY,1178
CONDUCTRONIC,1181
CONFORT,1184
CONHER,1187
CONING,1188
CONSENTRIX,1189
CONSEP,1190
CONSTAR,1192
CONSUL,1195
CONSUL JR,1196
CONSULTEN,1197
CONTEMPO,1199
CONTINENTAL,1202
CONTIVITY,1203
CONTROL,1204
COOL,1206
COOLING,1207
COPACABANA,1208
COPELEMATIC,1209
COPLAND RR,1210
COPRUM,1212
CORDELL,1214
CORDINA,1215
CORET,1216
CORIAT,1217
CORMICK,1219
CORNING,1222
CORONA,1224
CORTI,1226
CORZO,1228
COS-DEX,1230
COSINA,1232
COSMO,1233
COSTAR,1235
COSTCO,1231
COWEN,1238
CP CIPSA,1239
CPA,1240
CRACK,1244
CRAFTSMAN,1249
CRANE,1250
CRANE DEMING,1425
CREATIVE,1251
CREDENZA,1252
CRESTLINER,1253
CRICUT MARKER,1256
CRIPPEN,1257
CRISA,1259
CRM,1260
CROLLS,1263
CROSS,1267
CROWN,1268
CRYENCO,1269
CRYSTEL,1271
CST BERGER,6703
CTT,1272
CUERVO,1273
CUMA,1275
CUMASA,1276
CUPRUM,1277
CURTIS,1278
CUSTOM,1279
CYCLONE,1281
CYLINK,1282
CYLSA,1284
CYMA,1285
CYTSA,1022
D BASE,1292
D.ELSA,1306
D.M. NACIONAL,1291
DACASA,1350
DAEWOO,1351
DA-LITE,1346
DAMAS,1357
DAMON,1358
DANAE,1360
DANATRONICS,1361
DANESA,1364
DAPROD,1365
DASA,1366
DATA,1367
DATA AIR ELECTRIC,1383
DATA FLUX,1368
DATA PROD,1369
DATA PRODU,1370
DATA PRU,1371
DATACPRODU,1374
DATAMAT,1376
DATAMATE,6555
DATAPRODUCTS,1378
DATASHIELD,1384
DATEL,1385
DATSUN,1386
DAVID BROWN,1387
DAYTON,1391
DBASE IV,1393
DCTECO ESCALOS,1394
DE LLANO,1396
DE LONGHI,1418
DE SECCHI,5256
DECORT,1399
DEFENSOR,1401
DEHESA,1402
DELCO REMY,1405
DELHER,1406
DELL,1407
DELTA,1420
DELTAGLEX,1421
DELUXE,1423
DELVIVI,1424
DEMIS,1426
DENNON,1427
DERBEZ,1430
DETAGLIA,1435
DETECTO,1438
DETEX,1439
DETROIT,1440
DEVAL,1441
DEVANE,1442
DEVILBISS,1444
DEVON,1446
DEWALT,1448
DIALEX,1450
DIALUZ,1451
DIAMOND,1452
DIAZA,1453
DICKEY-JOHN,1457
DICOMET,1458
DIETZGEN,1461
DIGIBOARD,1476
DIGITA,1477
DIGITEL,1502
DIMEP,1505
DIMEX,1506
DIMSA,1508
DIMUSA,1509
DINA,1510
DINAMEC,1515
DINAMICA,1517
DINAMICO,1521
DINAMO,1518
DINATRON,1519
DIRCO,1522
DIRECTOR,1523
DIRSA,1524
DISMA,1526
DISPLANO,1529
DISPLAY,1530
DISPLON,1531
DISTANCIOM,1532
DI-VAC,1449
DIVICIN,1533
DIVISA,1534
DIWAL,1535
DIXY,1537
DIZHER,1538
DKO MUEBLES,6593
DKSTEEL,1539
DODGE,1595
DOER,1616
DOLE,1618
DOLFI,6583
DOLROLLED,1620
DOMANI,1621
DOMER,1622
DOUTHERM,1623
DOWER,1624
DPM,1625
DRAGUER,1626
DRAPER BARONET,521
DREMEL,1630
DRILL,1631
DSWI,1633
DTK COMPUTER,1635
DUAL,1641
DUKANE,1643
DUMPY,1648
DUPONT,1652
DURABILITY,1655
DURABILTY,1656
DURAGAS,1657
DURST,1642
DUTY MASTR,1659
DUVAL,1660
DUVESA,1661
DVA,1663
D-VICTOR,1299
DVILVISS,1664
DWHITE,1665
DYLLTE,1667
DYMO,1668
DYNAMIC,1669
DYNAMO,1670
E JACKSO,1674
E X D,1675
EASTKO,1682
EASY,1683
EASY PHOTO,1684
EATON,6582
EBA,1686
EBERBACH,1696
ECCA,1688
ECCEL,1689
ECCO,1690
ECHO,1693
ECKO,1694
ECO,1695
ECONDOMY,1697
ECONOMY,1698
ECOSENCE,1687
EDALTA,1699
EDAR,6605
EDGIRITI,1701
EDIT. TEIDE,1702
EDUSAT,1704
EFCO,6541
EFCO STARK 25,5597
EGGROTRON,1708
EHODER,1710
EIASA,1711
EIKI,1712
EISE,1713
EISON,1714
EJECUTIVO,1715
EKKO,1717
EKO,1718
EKTAGRAPHIC,1722
EKTANAR,1723
EKTANON,1724
EL DORADO,1726
EL SOL,1727
ELCOM,6641
ELEBACH,1728
ELECTRA,1732
ELECTRIC,1733
ELECTRO VOICE,1741
ELECTROGRAFI,1735
ELECTROLUX,1736
ELECTRON,1737
ELECTRONIC,1738
ELECTROTEC,1739
ELEKTRA,1740
ELFEMA,1742
ELIKOM,1743
ELIN,1744
ELIOS,1745
ELIZA,1747
ELIZONDO,1748
ELLMAN,1749
ELMEX,1750
ELMNEV,1751
ELMO,1752
ELTAGRAPHI,1753
EMACHINES,6702
EMANA,1756
EMCO STAR,1757
EMEISA,1758
EMERI,1759
EMERSON,1760
EMMAN,1761
EMSA,1762
EMYA,1763
ENCICLOPEDIA BARSA,523
ENCORE,1764
ENDER,1765
ENDOR,1766
ENERGY PLU,1767
ENGINEERED SYSTEM AND DES,1769
ENM,1770
ENNASCOP,1771
ENTEIA,1772
ENTELECSIS,1775
ENTERLECSIS,1777
ENTERNATIONAL,1778
ENTERPRISE,1779
ENVIARO,1780
ENVIRUDE,1782
EPCOM,6686
EPECSA,1783
EPPEND,1784
EPPENDORF,1785
EPSON,1786
EQ. TREVIÑO,1796
EQQUARD,1797
EQUIPAR,1800
ERGODESIG,1804
ERGOFORM,1806
ERICSSON,1810
ERKCO,1814
ERVA,1816
ERVEN,1817
ER-VKO,1803
ESAMEX G.L,1821
ESCO,1822
ESLUM,1823
ESMALTADO ALFER,1824
ESPECIAL,1826
ESPECTRONI,1827
ESSEN,6722
ESTADIM,1831
ESTAGRAFIC,1833
ESTANDAR,1834
ESTDIOSSO,1837
ESTEREOMASTER,6597
ESTHIL,1843
ESTRELLA,1844
ES-WHELL,1820
ETERNO,1846
ETHERN,1847
ETREX LEGEND,1849
EUMING,1851
EUMING MARK,1852
EURA,1853
EURO LINE,6723
EUROMATIC,1855
EUROMEX,1856
EUROMUEBLE,1857
EUZKADI,1860
EVA BLITZ,1861
EVA-MEX,1862
EVANS,1863
EVERCHARP,1864
EVERCOOL,6699
EVEREST,1865
EVEREST IOF,1866
EVERET,1867
EVEREX,1868
EVERGREEM,1869
EVERICHAP,1870
EVINRUDE,1871
EVOLIS,6708
EX-6200,1872
EXAIN,1873
EXCELCIOR,1874
EXELENCE,1876
EXIDE ELECTRONICS,1883
EXIGO TECHNOLOGIES,6670
EXPO,1887
EXSIDE ELEC,1888
EXTECH,1889
EXTELL,1890
EXTRA BUNDLE,1891
EXTREME NETWORKS,6638
F&,1892
F-173,1893
FAARSOEL,1896
FABEL CASTELL,1897
FABER-CASTELL,1902
FACIR,1906
FACIT,1907
FACIT 1740,1908
FACITIA,1909
FACITRONIC,1910
FADI,1911
FAIRBAINK,1912
FAIRBAK,1913
FAIRBANKS MORSE,1917
FAIRCHI,1919
FAMAC,1920
FAMACO,1921
FAMSA INT.,1923
FAN,1924
FAN STAR,1926
FARADAY,1929
FARGO RPO L,1930
FARMAHER,1931
FARNAM,1932
FASCI,1933
FAST,1934
FAST TEMSTAR,1935
FASTER,1936
FATE,1937
FAX MODEM,1938
FB-19,1939
FCARRIER,1940
FEDDERS,1941
FEHR,1942
FELDMAN,1943
FELI,1944
FELISA,1945
FELIWELCH,1947
FELLOWES,1949
FELMEA,1950
FEM,1951
FERALPA,1952
FERBUS,1953
FERNO/USA,6585
FERREL ROSS,1954
FERRERA,1955
FERRO MUEBLES,1956
FERRUPS,1957
FERTINAL,1958
FESA,1959
FIASA,1961
FICHER,1962
FIESTA,1963
FIJA,1964
FILADELFIA,1965
FIMESA,1967
FINE MODE,1968
FINE TUBE,1969
FINNIPIPETTE,1970
FINNPIPETTE,1971
FIPIR,1972
FIRE CLASSIFLICATION,1973
FIRE SAFE,1974
FIREWALL,1975
FIREXPRESS,1978
FIRMATIC,1979
FIRO,1980
FISCHBEIN,1981
FISCHBEIND,1982
FISCHBEINE,1983
FISCHERBRAND,1984
FISH FARMING,1985
FISHBEIN,1986
FISHER SCIENTIFIC,918
FITZ,1991
FIVI,1992
FLAKT FZCM,1993
FLAKTFZCM,1994
FLAKTZCM,1995
FLAMINETA,1996
FLAMITA,1997
FLOR FAN,1998
FLUKE NETWORKS,1999
FLUXEN,2000
FLUXOREST,2001
FLYGT,2002
FM,2003
FOAP-16,2004
FOGGER,2005
FORD,2006
FORESTER,2015
FORESTRY,2016
FOREX,2017
FORMA WAS,2019
FORMATRON,2020
FORMEX,2021
FORSEC,2022
FORUNO,2024
FORZA,6700
FOSS,2025
FOTOGRAF.,2026
FOTOM,2027
FOTORAPIO,2028
FRAGA,2030
FRAMA MEX,2032
FRAME,2035
FRANCO,2036
FRANKLIN,2037
FRECH,2040
FREDRICH,2041
FREE-FLO,2042
FRE-FLO,2039
FRESH AND AIRE,2044
FREYVEN,2038
FRIAN,2053
FRIDERICH,2054
FRIEDRICH,2055
FRIEM,2056
FRIGIDAIRE,2057
FRIGOBAR,2059
FRIJET,2063
FRIKKO,2064
FRIOMATIC,2066
FRITZ,2067
FRON,2068
FRS-ND,2069
FRYVEN,2070
FUJI MAC,2071
FUJIFILM,2072
FUJIKURA,2073
FUJITSU,6590
FUJUY,2074
FULLER,2075
FULTONSAFE,2076
FUMASA,2082
FUPI,2084
FUPIR,2085
FURURA,2086
FUSE DIODE,2087
FUSSION,6680
FUTURA,2088
FUTURA PANEL,2089
FUTURAMIC,2090
FUTURAMICS/M,2091
FYOWA,2092
FYPMEX,2093
G B H,2095
G ELECTRIC,2096
"G,SENS",2099
G. WILLIANSON,2107
G.F.,2119
G.P.,2120
G.U.A.,2121
GABO,2122
GAC,2123
GAF,2124
GALAXIA,2125
GALVANS,2126
GAMA,2127
GAMA PENTIUM,2128
GAMAC,6602
GAMMA,2129
GARCIA,2130
GARDA,2131
GARIBAR,2132
GARMIN,2133
GARPA,2134
GARRAD,2135
GARRET,2136
GARVEL,2137
GARVENS,2138
GARY,2139
GAST,2141
GATEWAY,2143
GAVIOTA,2144
GBC,1110
GDT,2158
GEBESA,2161
GEBRUDER,2162
GEDESA,2163
GEHL,2164
GEHL 135,2165
GELMAN,2167
GEMPLUS,4775
GENERAL ELECTRIC,2179
GENERAL INSTRUMENT,2184
GENERICA,2186
GENERO,2188
GENESIS,2189
GENIUS,2191
GENIUS VIVID,2193
GENOVA,2194
GENOVATION,2196
GEN-PRO,2168
GERALD,2199
GERCOR,2200
GERMANY,2201
GERMINATOR,2202
GERMITRON,2203
GESAMEX,2204
GESTETNER,2210
GHIBLI,989
GIBER,2217
GIBSON,2218
GILBERT,2219
GILBERT COPELAND,2220
GILLETE,2221
GILLETTE,2222
GIMEX26C,2223
GIMSA,2224
GITZA,2225
GKRM,2226
GL MARKETING,2227
GLACIAL,2228
GLADO,2229
GLOBAL UPHOLSTERY,2230
GLOBEL,2231
GLORIA,2232
GMC,2233
GOIT,2234
GOLBERT,2235
GOLD-FISH,2237
GOLDPOT,2239
GOLDSTAR,2240
GOMEDI,2242
GON,2243
GONCEP,2244
GONI,2245
GONSEP,2246
GOODMAN,2247
GOOLAY,2248
GORDON,2249
GOSSEN,2250
GOULDS,2251
"GOY, S.A.",2253
GR,2255
GRACO,2256
GRADIENTE,2257
GRAFITO,2258
GRAFITO-L,2259
GRAINMAN,2260
GRALAB,2270
GRANDSTREAM,2271
GRC,2273
GREAT BEAR,2274
GREENFIELD,2275
GRIBALL,2276
GRIMER,2277
GRIMSON,2278
GRUNDFOS,2281
GRUPO AZOR,2279
GRUPO JOME,3032
GSPAM,2282
GTE,2283
GUADALAJARA,2285
GUARANI,2288
GUARANY,2289
GUARDIAN,2290
GUILBERT,2291
GUILLET TE,2292
GULLOCH,2293
GUMA S.A,2294
GUMES,2295
GUPTA,2296
GURLEY,2297
GUSTAFFSON,2298
GUTHENBER,2299
GUTMSA,2300
GYRO,2302
H. STEELE,2319
H.G.,2335
H.H,2336
H.THOMAS,2369
H.TOMAS,2370
H/THOMAS,2371
H-82,2315
HAAN,2372
HACH,2376
HAFF,2381
HAGUS,2382
HAHACE,2383
HAKURA,2384
HAL AUTRIAL,2385
HALBROSS,2386
HALCON,2387
HALDA,2388
HALOGEN,2389
HALON,2390
HAMA,2391
HAMILTON,2392
HAMMA,2394
HAMMEX,2395
HAMPTON BAY,2
HANA,2396
HANHANR,2397
HANHART,2398
HANIMEX,2399
HANNA INSTRUMENTS,2400
HANNIMEX,2402
HANSA,2403
HANSON,2404
HANSTAI,2405
HAPSUTA,2406
HARCOS,2407
HARPER,2410
HARRIS,2411
HARRYS,2412
HARRYS EAR,2413
HARVARD GRAPHICS,2415
HARVERSTER,2416
HARVESTER,2417
HAS,2418
HASET MATE,2419
HASS,2421
HASTE,2422
HASTSUKA,2423
HATCH,2424
HATH,2425
HATSUTA,2426
HAUS,2427
HAYES,2428
HAYES ACURA,2429
HAYESULTRA,2430
HAYWARD,8
HB-METER,2431
HC-300,2432
HD-BREAN,2434
HEARTHGLO,2435
HEARTHWARE,2436
HEAT,2437
HECDEL,2438
HECORT,2441
HEDMAN,2442
HEGGER,2444
HEIL QUAKER,2445
HEIWA,2446
HELBEN,2447
HELIO DIETZGEN,2448
HELIOMATIC,2449
HELIOS,2450
HELLIGE,2451
HEMATCK,2453
HEMA-TECK,2452
HEMLETT P.,2454
HERCORT,2455
HERCULES,2456
HERGOM,3
HERMAN MILLER,2457
HERMES,2458
HERNA,2459
HERRAM,2460
HERRARUS CRIST,2461
HERSYMAC,2462
HESA,2465
HESOLDT,2466
HETTICH,2467
HETTLER,2469
HEUER,2471
HEVCATOV,2470
HEWLETT-PACKARD,2498
HEYER,2519
HF,2520
HGE,2521
HH,2522
HI SERIES,2523
HI VGA,2524
HIAB,2527
HIAMEX,6611
HIBREK,2528
HIBREX,2529
HIDRO-TER,2531
HIGER,2532
HIGH POWER,2533
HIGH WALL,2534
HIGH-TECH,2535
HIGH-WALL,2536
HIGUCHI,2537
HIKVISION,6714
HILLA,2538
HILLE,2539
HILLER-INFRA,2540
HILLFORINF,2541
HILTON-ROY,2542
HIPLOT,2543
HIPRO,2544
HISENSE,6716
HI-SERIES,2526
HISTOCUT,2545
HIT,2546
HITACHI,2547
HITACON,2548
HITEWESTING,2549
HNS,2550
HOBART,2551
HOBER,2552
HOFFMAN,2554
HOFMAN,2555
HOH-INOOR,2556
HOLDER,2557
HOLLAND,2558
HOLLY,2559
HOLLYWOOD,2560
HOLMES,2561
HOMEDES RENQUIN I,2562
HOMELITE,2563
HON,2565
HONDA,2566
HONEYWELL,2572
HONNER,2573
HOOHNDCERE,2575
HOOVER,2576
HOPE,2577
HOPERLINKE,6684
HORCHOP,2578
HORIBA,2579
HORUS,2580
HOSKINS,2581
HOSLER,2582
HOUDAILLD,2583
HOWE,2585
HS/N,2648
HS-30-2,2647
HUANINE,2650
HUAWEI,6707
HUB,2651
HUB3COM,2653
HUBBELL,2654
HUBER,2655
HUCHIDA,2656
HUDSON,2657
HUGIN,2658
HUH2612,2659
HUMARK,2660
HUMBOLDT,91
HUMONICS,2661
HUNT ELECTRONIC,6654
HUQUARNA,2664
HUROA,2665
HURRIAC,2666
HURRICANE,2667
HUSQVARNA,2672
HUSTLAR,2673
HYBREX,2676
HYDRO/KIEN,2677
HYE,2678
HYPERMARK,6696
I  D  S,2680
I. ITALI,2688
I.A.,2690
I.G.A,2697
I.G.A.,2698
I.H.,2699
I.L,2700
I.ZARAGOZA,2701
IAMEX,2707
IANGA,2709
IASA,2710
IB.M.,2711
IBC,2712
IBERIA,2713
IBICO,2716
IBLAK DEKER,2718
IBM,2719
ICOM,2742
IDCNA,2743
IDE,2744
IDEAL,2745
IDEC,2746
IDEM,2747
IDEMAX,2748
IDERM,2750
IDERNA,2752
IDETEL,2753
IEC,2754
IEM,2755
IEM-DELUXE,2761
IEMEN,2763
IEM-WESTINHOUSE,2762
IFILINEA,2764
IFRAME,2765
IG,2766
IG.30 KVA,2767
IG112.5KVA,2768
IG75KVA,2769
"IGA, S.A.",2772
IGLOO PICN,2777
IGROSA,2778
IGSA,2779
IGSA-DC100,2780
IGSADS,2781
IHRSA,2782
IIR,2783
IISGUS,2784
IKEA,6637
IKELITE,2785
IKRESA,2786
ILEGIBLE,2787
ILSA,2788
ILVETTI,2789
IMA,2791
IMANSA,2792
IMB,2793
IMB THINK,2794
IMECA,2795
IMEISA,2796
IMEM,2797
IMEMSA,2798
IMET-ELEE,2801
IMI,2802
IMMSA,2803
IMPACTO,2804
IMPALA,2805
IMPALA JASS,2806
IMPASA,2807
IMPCO,2808
IMPECO,2809
IMPERIAL,2810
IMPERIO,2811
IMPICO,2812
IMSA,2813
IMSSA,2814
IM-STEEL,2790
IMY,2815
INBM,2818
INCA,2819
INCENTO,2820
IND. GMOMUR,2822
IND. GOMEDI,2823
IND. PLUS,2824
IND.CAMOSA,2827
IND.MAYSE,2828
INDEFINIDA,2829
INDETEL,2830
INDITEL,6129
INDUSTRIAL,2835
INDUSTRIAL GM,2836
INDUSTRIAS VAZQUEZ,6202
INDUSTRINI,2837
INESA,2838
INFOCUS,2839
INFORMAT,2840
INFRA,2841
INGE,2843
INGEBTO,2844
INGENIO,2845
INGENRO,2846
INGENTA,2847
INGENTO,2848
INGENTO 38,2849
INGERSOLL,2850
INGERSOLL RAND,2851
INGETA,2852
INGINTO,2853
INGRESOLL RAND,2854
INGUS,2855
INGUSA,2856
INISA,2857
INOXMAID,2860
INPASA,2861
INPOCUS,2862
INSA,2863
INSEC,2864
INSTAMATIC,2865
INSTAR,2866
INSTRUMENT,2867
INSTRUMENTS,2868
INT,2869
INT. SERRAT,2870
INTEC,2871
INTEGRACION,2872
INTEGRAL,2873
INTEJAK,2874
INTEL CELERON,2875
INTEL INSIDE,2876
INTELECSIS,2880
INTELIGENTE DIGITAL,2887
INTELINSIDE,2888
INTELPENTIUM,2889
INTELUJACK,2890
INTER,2891
INTERCOM,2893
INTER-HARV,2892
INTERLEC,2895
INTERMATIO,2900
INTERN,2901
INTERNA,2902
INTERNACIL,2903
INTERNAL,2905
INTERNARIO,2906
INTERNAT.,2907
INTERNATIO,2908
INTERNATION,2909
INTERNATIONAL,2910
INTERSIDE,2912
INTIMUS,2913
INTRALUX,2914
INVENT,6586
INVICTA,2915
IOLUXCA,2916
IOMEGA,6604
IP OFICCE,2917
IRE,2918
IRESA,2919
IRGOSA,2920
IRGSA,2921
IRISCOPE,2922
IROESCOPE,2923
IROLUX,2924
IROSA,2925
IROSCOPE,2926
IRSA,2929
IRWINGCOME,2930
IS/M,2931
ISE,2933
ISEEL,2934
ISESA,2935
ISGUS,2936
ISGUZ,2937
ISI,2938
ISLO,2940
ISOTEL,2943
ISOTEMP,2944
ISSA,2945
ISTEMP,2946
ISUPERMATIC,2947
ISUZO,2948
ITAKY,2949
ITAL,2950
ITALIA,2951
ITALIANA,2952
ITSA,2953
ITZA,2954
IUSA,2955
IVIERA,2956
IVSA,2957
J V C,2960
J. DERNA,2961
J.A.S,2962
J.D,2963
J.DERNA,2964
J.M. ORTIZ,2965
J.M. ROMO,3018
J.M.ORTIZ,2966
J.V.C.,2967
J0HN DEERE,2968
JAAS,2969
JACOBS,2971
JACTO,2972
JACUZZI,2974
JAMES WAN AVN,2975
JAMES WAY,2976
JAMES-MEG,2977
JAMSA,2978
JANEIRO,2979
JANITROL,2980
JAPANDO,2981
JAPONES,2982
JAPONESA,2983
JARVEL,2984
JAS SW,2986
JASS,2987
JASS-IMPAL,2988
JASS-IMPALA,2989
JAZ,2990
JBC,2991
JBI WIRE,2992
JBL,6712
JEEP,2993
JEFA,2999
JENCONS,3000
JENSEN TOOLS,6628
JENY,3001
JEP,3002
JEPER,3003
JERZOG,3004
JET,3005
JET PC,3006
JET PEC.,3007
JET-MAC,6691
JET-PC,3008
JHON   DEERE,3009
JHON DEERE,3011
JHONSTON,3014
JICAS,6640
JLOBAVT,3015
JM,3016
JM ORTIZ,3017
JOGUARDIN,3019
JOHN 1800,3020
JOHN DERE,3022
JOHNSON,3023
JOJOSIL,3026
JOJSIL,3027
JOLDER,3028
JOLLEY,3029
JOLLY,3030
JOLY,3031
JONES,3034
JONHSON,3035
JOPER,3036
JORDAN,3037
JORDON,3038
JOSAR,3039
JP-200,3040
JR,3041
JSE,3042
JSGUS,3043
JUMBO,3044
JUMGMANS,3045
JUNO,6606
JUSTA,3046
JVC,3047
K D K,3053
K Y B,3055
K&B,3057
K.S.B.,3069
K.W.,3070
KABA,3073
KAESTEL,3075
KAF LADEN,3076
KAHLSICO,3158
KALART VIC,3081
KALATEL,6653
KALINART,3083
KALISICO,3084
KAMBO,3086
KANNON,3087
KANON,3088
KART,3095
KASAK,6677
KASE,3096
KASTAR,3097
KATADIN,3098
KATADYN,3099
KATAOCA,3100
KAWABE,3102
KAWASAKI,3103
KAYOLA,3104
KAZ,3105
KAZUZA,3106
K-B,3061
K-DMFG,3062
KEE,3108
KEH-I,3109
KELLOG,3110
KELLOG-AMERICAN,3111
KELLOGS,3112
KELLY,3113
KELVINA,3114
KELVINAITOR,3115
KELVINATOR,3116
KELVINETOR,3118
KEMORE,3119
KEMPAR,3120
KEMPER,3121
KEMPTON,3122
KEMTEM,3123
KENDAL,3125
KEN-LITE,3124
KENMORE,3126
KENWOOD,3127
KENWORD,3128
KERM,3129
KERMA,3130
KERN SWISS,3133
KERNO,3137
KERNS,3138
KEUFFEL AND ESSER,3063
KEUPDEL,3147
KEYSTON,3148
KEYWARE,3149
KGE,3150
KGIENDHAL,3151
KGM,3152
KHALCICO STANDAR,3153
KHALCICO STARDAR,3154
KHALCICO STARNDAR,3155
KHOLER,3160
KIA,3161
KID,3162
KIDD,3163
KIE,3164
KIELDHA,3165
KIENZLE,3166
KIGMASTER,3167
KILER,3168
KIMBAL,3169
KIMBALL,3170
KIMBALLS,3171
KING,3172
KING MASTER,3173
KINGMASTER,3174
KINGS,3175
KINGSTON TECHNOLOGY,3176
KIORIT,3177
KIORITS,3178
KIORITSU,3179
KIORITZ,3180
KIORITZ ECHO,3181
KIORITZ ECHO.,3182
KIORITZU,3183
KIORTIZ,3184
KIORTZ,3185
KIRBY,3186
KIRITSU,3187
KIT MEMORY,3188
KITCHEN,3189
KITCHEN SCADE,3190
KITCHENAID,3191
KITO,3192
KIURITZU,3193
KIURTZ,3194
KJELDAHL,3195
KJELDHAL,3196
K-KEUFFEL,3066
KLE,3197
KLETT,3198
KLETT SME,3199
KLETT-S,3200
KLETTSUMER,3201
KNOX,3203
KOBLENZ,3205
KOCH,3207
KODAD,3209
KODAK,3210
KODAK EKTA,3213
KODAK EKTAGRAPHIC,3214
KODAK ETC,3215
KODAK EXTA,3216
KODAK PAGT,3217
KODALUX,3218
KODAX,3219
KOHDOR,3221
KOHINOR,3222
KOHLBACH,3223
KOHLER,3224
KOHLR,3225
KOIZUMI,3227
KOKE,3228
KOLBACH,3230
KOLER,3231
KOLHER,3232
KOL-JET,3229
KOLLER,3233
KOMAATSU,3234
KOMATSU,3235
KOMATZU,3236
KOMBO,1113
KOMBO 500,3238
KONGSKILDE,3239
KONICA,6649
KOOLER 8M,3242
KOOL-JET,3240
KOOL-JEY,3241
KOOLLER,3243
KOSKING,3244
KOULER,3245
KOWA Y SIX,3246
KOWLER,3247
KP-2,3248
KPSI,3249
KROME,3250
KROMOS,3251
KRYSTEL,3252
KSE,3253
KUBBEL,3254
KUBET,3255
KUBOTA,3256
KUHLMANN,3257
KUIRIN,3258
KULMAN,3259
KURAZAI,3261
KX,3262
KX-TS,3263
KYE,3264
KYOCERA,4
KYORITSU,3265
KYORITZ,3266
KYORITZU,3267
KYORYTSU,3268
KYOWA,3269
L DIGITAL,3271
L PREMIER,3272
"L,-COMANDER",3273
L. DIGITAL,3275
L.DIGITAL,3276
L.FUTURA,3277
L.G,3278
L.PENTIUM,3280
L3-COMMUNICATIONS,3281
LAASKO,3282
LAB 400,3283
LAB LINE,3286
LAB.,3293
LAB.CONCO,3294
LAB.LINE,3295
LABACO,3296
LABCONCO,3299
LAB-COUT,3288
LABLINE,3301
LAB-LINE,3289
LAB-MED,3290
LABOMED,3302
LABRINE,3303
LAB-TECH,3291
LACO,3304
LADA,3305
LADATONE,3306
LAKENWOOD,3309
LAKESIDE,3310
LAKEWOOD,3311
LAKNW2OE,3312
LALA,3313
LAMAS,3314
LAMBERCH,3315
LAMINOX,3316
LAMOTTE,3318
LAMPERTZ,6634
LAMSA,3308
LAN UTP,3319
LANIECHO,3320
LANIER,3321
LANIX,3323
LANSING,3330
LAONOTE,3331
LAP-LINE,3332
LAPTOP,3333
LAROUSSE,3335
LASCO,3337
LASER,3338
LASICO,3344
LASKO,3345
LASONIC,3346
LATHEM,3350
LATHEN,3351
LATHER,3352
LATHERM,3353
LAULINE,3354
LBALINE,3355
LBK,3356
LD-17,3357
LE COMMUNICATIONS,6694
LEADING,3359
L-ECCO,3274
LECOOL,3360
LECTRO,3361
LEDER,3362
LEDSA,3363
LEDU,3364
LEICA,3365
LEITZ OPTILUX,3366
LEITZ WETZ,3367
LEKEWOOD,3368
LEMPCO,6560
LEMUS,6647
LENNOX,3370
LENOVO,6544
LENOX,3371
LENT,3372
LEOCAR,3373
LEOCARD,3374
LEON,3375
LEONARD,3377
LEONIDAS,3378
LE-PC,3358
LEROY,3379
LESTER,3380
LETIZ GREENOUGH,3381
LETTA,3382
LEVERMATIC,3384
LEVY,3385
LEW,3386
LEXMARK,3390
LEXNARK,3393
LF.CIMA,3394
LG ELECTRONICS,3396
LHA,3397
LHA.,3398
LIB,3399
LIBEC,6587
LIBERT,3400
LIBERTY,3401
LIEBERT,3402
LIFE TIME,3403
LIFKIN,3404
LIFKING,3405
LIFT,3406
LIGHT MERAK,3407
LIGTH,3408
LIGTHNIN,3409
LIMATE,3410
LIMITED,3411
LINBERG,3414
LINBERH,3415
LINCOLN,3416
LINCON,3417
LINCONIN,3418
LINCONS,3419
LINDBERC,3421
LINDBERG,3422
LIND-BERG,3420
LINDBERG/BLUE M,648
LINDE,3423
LINDERBEG,3424
LINDERBERG,3425
LINDERG,3426
LINE MASTE,3427
LINE MASTER,3428
LINEA,3429
LINEA ALFA,3430
LINEA ITALIA,3431
LINEA MONACO,3432
LINEA-4000,3433
LINEA-ALFA,3434
LINEMESTER,3435
LINER MASTER,3436
LINES,3437
LINEX,3438
LINK,3439
LINK BELT,3440
LINK BUILD,3441
LINK-BELT,3442
LINKE,3443
LINKE T-142,3444
LINKES,3445
LINKS,3446
LIN-MEX,3412
LINSA,3447
LION,3448
LIPSHAW,3450
LIS,3451
LISSEGAGG,3452
LISTER,3453
LITE,3455
LITE ON,3456
LITE-ON,3457
LIT-NING,3454
LITTEGRANT,3458
LMM,3459
LOADING,6648
LOBCONCO,3460
LOBOR,3461
LOCEL,3462
LOG VICTOR,3463
LOG.DIG.,3464
LOG.DIG.103,3465
LOG.DIG.130,3466
LOGICA,3467
LÓGICA,3522
LOGICA 204,3468
LOGICA 209,3469
LOGICA D,3470
LOGICA DIGITAL,3471
LOGITECH,3472
LOGIX,3473
LOGOS,3474
LOGOS 41,3475
LOHMOS,3476
LOHNOS,3477
LOMANCO HONGO,3478
LOMB BRTS,3480
LOMEGA,3481
LOMENS,6710
LONG,3482
LOOK,6692
LOPEZ MORTON,3486
LORAIN,3487
LORNOS,3488
LOSEN HAUS,3489
LOTER,3490
LOTTER,3491
LOTUS,3492
LOTZ,3494
LOVY,3495
LP,3496
LPS,3497
LPTD.LANUTP,3498
LUFKIN,3503
LUFKL,3505
LUFQUIN,3506
LUFT,3507
LULU,3509
LUMENS,3510
LUNAKSA,3511
LUNISCOPE,3512
LUPI,3513
LUTRON ELECTRONICS,6614
LUTS,3514
LUXE,3515
LUXO,3516
"LYMN, S. A.",3517
"LYMN, S.A.",3518
"LYMN,S.A.",3519
LYNDE,3520
LYZ,3521
M A N,3523
M.C.,3532
M.D,3533
M.D.,3534
M.F.,3535
M.F.V.,3536
M.NACIONAL,3537
M.P. STEELE,3538
M.WORD,3540
M/,3541
M-131-02,3525
M-265,3526
MABE,3542
MAC,3545
MACCORMICK,3546
MACDONALD,3547
MACHIMEX,3548
MACHINERY,3549
MACISA,3550
MACIZA,3551
MACONSA,3553
MACROMEX,3554
MADECHI,3555
MADEIRA,3556
MADERICHI,3557
MAE S.A.,3558
MAESUZAWA,3559
MAG 510,3560
MAGAMEX,3562
MAGAMEZ,3563
MAGELLA,3564
MAGELLAN,3565
MAGIC PASS,6625
MAG-MIX,3561
MAGNAVOX,3567
MAGNUM,3568
MAGUER,3569
MAHE,3570
MAJESTIC,3571
MAJOR,3572
MAK GG-A,3573
MAKINON,3574
MAKITA,3575
MALGENA,3576
MALGENE,3577
MALINCHE,3579
MALROE,3580
MALVONIA,3581
MAMILTON,3582
MAMIYA,3583
MANFROTTO,3585
MANMA,3586
MAPLEX,3587
MAPSA,3588
MAQ.IND,3590
MAQ-INDUST.,3589
MAR GUILBE,3591
MAR LAKE,3592
MARATHON,6562
MARATHON 1,3593
MARBEL,3594
MARBER,3595
MARC,3596
MARCO,3599
MARIAH,3600
MARIER,3601
MARIMER,3602
MARINER,3604
MARINO,3605
MARISOURCE,3607
MARK TIME,3609
MARKER,3610
MARKVISION,3612
MARLONES,3614
M-ARM1,3527
MARNING,3615
MARQUETTE,3616
MARRIOT,3617
MARRIOTT,3618
MARS,3619
MARS 700,3620
MARS-700,3621
MARSS,3622
MARTEX,3623
MARUYAMA,3624
MARUZEM,3625
MARUZEN,3626
MARVEL,3627
MARVER,3628
MARVIN,3629
MASE,3630
MASEEY FERGUSON,3631
MASEY FERG,3632
MASEY FERGUSON,3633
MASEY-FERG,3634
MASISA,3635
MASKAFE,3636
MASSA,3637
MASSEY F,3638
MASSEY F.,3639
MASSEY FERGUSON,3640
MASSEYFERGUSON,3641
MASTEL,3642
MASTER,3643
MASTER POW,6563
MASTERLINE,3644
MASUZAWA,3645
MATES,3646
MATHES,3647
MATHISON,3648
MATSUNAGA,3649
MATTER,3650
MATTWEISS,6675
MAV,3651
MAVER,3652
MAVI,3653
MAVI-PRECISA,3654
MAVY,3655
MAX,3656
MAX CB,3657
MAX MIN,3658
MAXIMUS,3660
MAX-MIN,3659
MAXPEED,3661
MAXRAD,3662
MAXTOR,3663
MAYLINE,3664
MAYLING,3665
MAYO,3666
MC,3667
MC DONALD,3668
MC. CULLOCH,3672
MCCROMETER,1265
MCCULLOC,3674
MCCULLOCH,3552
MC-CULLOCH,3669
MC-CULLUCH,3670
MCCULOCH,3676
MCDONALD,3677
MCGILL S,3678
MCH,3679
MCOLUCH,3680
MCQUAY,6665
MC-SIEMM,3671
MDA INNOVATION,6603
MD-NACIONAL,3682
MEARK LIGH PLUS,3683
MEC,3684
MECANICA ACEABI,3685
MECAO,3686
MECOA,3687
MECSA,3688
MEDALIST,3689
MEDERICHI,3690
MEFO,3691
MEGA,3692
MEGAMEX,3694
MEGAMEX PL,3695
MEISI TECH,3696
MELINK,3697
MEMETIC,3698
MEMPER,3699
MENAR,3700
MEOPTA,3701
MERAK,3702
MERAKLIGHT,3703
MERCATOR,3704
Mercurio,3705
MERCURY,3706
MERK,3710
MERRAM,3711
MERSISA,3712
MESA,3713
MESIN MARCA,3714
MET,3715
METALICA,3718
METALICO,3719
METALICO 4 GAVETAS,3720
METALIZA,3721
METAL-LUX,3717
METALZA,3722
METERS,3723
METLLER,3725
METMIN SERVICE,3726
MET-PAC,3716
METROLOGIC,3727
METRON,3728
METROPOLI,3729
METROPOLIN,3730
METROPOLIT,3731
METROPOLITAN,3732
METTELR,3733
METTER,3734
METTLER,3735
METTLER TOLEDO,3724
MEV-34APOL,3737
MEXMARK,3739
MEYER,3740
M-F,3528
MF 37,3741
MF-1105-RC,3742
MF-35,3743
MGE,3744
MICOSOFT LIFECAM,3762
MICRO,3745
MICRO EDGE,3746
MICRO MIL,3748
MICRO NET,3749
MICRO SR,3750
MICROCOM,3751
MICROEDGE,3752
MICROFILM,3753
MICROFOCUS,3754
MICRON,3756
MICROSAFE,3760
MICROSE,3761
MICROSOFT,3763
MICROSOFT OFFICE,3764
MICROSORT,3766
MICROSTAR,3768
MICROVOLT,3769
MIDEA,6715
MIDR,3770
MIFARE,3771
MIGILLAN,3772
MIKEL'S,3774
MIKELS,3773
MIKI,3775
MILER F.,3776
MILLAN,3777
MILLER,3779
MILLER 225,3780
MILLER INTER THERM,3781
MILLERS F.,3782
MILLES,3783
MILLIPORE,3784
MILTON,3785
MILWAUKEE,3786
MIMETIC,3788
MINI,3794
MINIESPLIT,3795
MINISTRO,3796
MINISUPER,3797
MINOLTA,3798
MIO NIPOS,3801
MIPESA,3802
MIRAGE,3804
MIRES,3805
MISA,3806
MISCHBEINE,3807
MISERMI,3808
MITA,3809
MITACONO,3811
MITEL,3813
MITSUBISHI,3820
MITUTOYA,3823
MITUTOYO,3824
MITZU,3825
MITZUMI,3826
MIURA,3827
MIVIERA,3828
MIZAR,3829
MLW,3830
MOBEL,3831
MOBIBLE,3832
MOBIL,3833
MOBILE-AIR,3834
MOBILMEX,3835
MOBITECH,3836
MOBLER,3837
MOCLER,3838
MOCROSOFT,3839
MODARK,3840
MODERN PHONE,3841
MOGILL,3842
MOGUM,3843
MOGUM 2001,3844
MOLINEX,3845
MOMAT,3846
MONAC,3847
MONACO,3848
MONARCH,3849
MONCO,3850
MONITOR,3851
MONROE,3853
MONROY,3854
MONTERREY,3855
MONTGOMERY WARD,3856
MONTILLA,3857
MOO,3858
MOORE BUSINESS FORMS,3859
MOPAR,3861
MORIEGA,3862
MORSE,3863
MORTEL,3864
MORTON,3865
MORVER,3866
MORVOR,3867
MOSA,3868
MOSLER,3869
MOTHERBOAB,3874
MOTHERBOAR,3875
MOTOLRS,3877
MOTOMCO,3878
MOTOROLA,3884
MOTORS,3885
MOTORS L,3886
MOTUKULA,3888
MOULINEX,3889
MOUSE,3890
MOVIL-MEX,3891
MP SPEELE,3892
MP-STTELE,3893
MRS,6701
MS,3894
MS 2,3895
MS DOS,3896
MS WORD,3897
MSC,3900
MS-DOS,3898
MSTERFLEX,3902
MSWORD,3903
MS-WORD,3899
MTOROLA,3904
MTSA,3905
MUCROSOFT,3906
MUEBLE,3907
MUEBLE S.A,3909
MUEBLE S.A.,3910
MUEBLE SA,3911
"MUEBLE, S.A.",3912
"MUEBLE,SA",3913
MUEBLEFORM,3914
MUEBLEMEX,3915
MUEBLES,3916
MUEBLES DINAMIC,1516
MUEBLES DISPLAN,1527
MUEBLES ROAL,5010
MUEBLES S.A.,3917
MUEBLES SA.,3918
"MUEBLES, S.A.",3919
MUEBLESA,3920
MUEBLIFORM,3921
MUESCO,3922
MULTICLEAM,3924
MULTIOFICINAS,3926
MULTISILLAS,3927
MULTITECH,3929
MULTY PANE,3931
MUNHER,3932
MURATA,3933
MURATEC,3934
MURGIA,3935
MURGUIA,3936
MURLITZER,3937
MURRAY,3938
MURRAY-BRIGS STATION,3939
MURUGIA,3940
MUSLER,3941
MUSTANG,3942
MV.,3943
MVE,3944
MVE CEYOCENICS,3945
MVE CRYOGENIC,3946
MVE ORTON,3947
MVE-A-1,3948
MVG,3949
MX14535396,3950
MYCTEC,3952
MY-D120,3951
MYERS,3953
MYLSA,3954
MYSTEK,3955
MYSTER,3956
MYTEC,3957
MYTEK,3958
MYTEKS/M,3959
MYTEX,3960
N C R,3963
N. HOLLAND,3964
N.D,3965
N.NERWORD,3966
N.S.F.,3967
N1KON,3968
NA,3969
NA-004,3970
NABUSA,3971
NAC.,3972
NACIONAL,3973
NACIONAL.,3974
NADY,3975
NAFAX,3976
NAHE,3977
NAL.,3978
NAL. NEOFL,3979
NALDEN,3980
NALGAN,3981
NALGEN,3982
NALGENE,3983
NAN,3984
NANO,3985
NAOK,3986
NAPAOLES,3987
NAPCO,3988
NAPOLE,3989
NAPOLES,3990
NASA,3991
NASCO,3992
NASHUA,3993
NATHES,3994
NATIONAL,3995
NATIONAL P,3996
NATRIBAN,3997
NAUIRE,3998
NAURIE,3999
NAZZUZAWA,4000
NBC,4001
NCOMPUTING,6709
NCR,4002
NCR PCXT,4003
NCR PRINTA,4004
NCR-DC6,4005
NCRPC6,4007
NCR-PCXT,4006
NCRPGXT,4008
NCRTEL,4009
NCS,4010
NCS JAGUAR,4011
NEC,4013
NED SERVER 133,4023
NEFAX,4024
NEFAX 310,4025
NEFAX-310,4026
NEG-FAX,4027
NEMA,4028
NEO,4029
NEOLOGY,6543
NEOPTA,4030
NERSATO,4031
NERTELNETW,4032
NETCOMPETER,4033
NETMARK,6720
NETWORK,4034
NETWORKS,6650
NEUTONE,4035
NEW HOLAND,4036
NEW HOLLAN,4037
NEW HOLLAND,4038
NEW HOLLNE,4040
NEW MAX,4041
NEW PAYNE,4042
NEW-HIOLAN,4043
NEW-HOLAD,4044
NEW-HOLBOL,4045
NEW-HOLLAN,4046
NEWHOLLAND,4052
NEW-HOLLAND,4047
NEW-HOLLNE,4049
NEW-HOLLO0D,4050
NEWMAX,4054
NFLEX,4055
NICHOLSON,4056
NICOLET,4057
NIDEKA,4058
NIETO,4059
NIKE,4060
NIKKEY,4062
NIKKO,4063
NIKKOR,6588
NIKON,4064
NIMBLE,4066
NIPOS,4074
NIPEPSA,4067
NIPESA,4068
NIPLO,4069
NIPLO ROT. T.,4070
NIPP,4071
NIPPO,4072
NIPS,4073
NISSAN,4077
NISSIN,4081
NITCHI,4083
NIVEL,4084
NIVELES,4085
NIVELES SA,4086
NK,4087
NO BREAK,4088
NO BREAKE,4089
NOARC,4092
NOGAL,4093
NOKIA,4094
NOLLHONELL,4095
NOM,4096
NOMAT,4097
NOR,4098
NOREIGA,4099
NORIEGA,4100
NORTEL NETWORKS,4107
NORTH SISTEM,4108
NORTHINGTO,4109
NORTHWEST,4110
NORTON,4111
NOTE BOOK,4112
NOTEL,4114
NOTIONAL,4115
NOVA,4116
NOVAC,4117
NOVAL,4118
NOVIMEX LTD,4119
NOVO,4120
NSA,4121
NSC,4122
NSC 300,4123
NSC DUO,4124
NSC-200,4125
NT,4126
NTERLECSIS,4127
NTR-2T,4128
NUAIRE,4129
NUARC,4130
NUEVO LEON,4132
NUEVO LEON G,4133
NULEC,4134
NVE,4135
NVO. LEON,4136
NVO.LEON,4137
NW AMANO,4138
O SULLIVAN,4140
O.H,4142
O.H.,4143
OASIS,4145
OBBITYPE,4146
OCAL,4147
OCELCO,4148
OCELCOITT,4149
OCM,4150
OCR,4151
OEEO,4152
OFFICCE-HOME,4153
OFFICE 7.0,4157
OFFICE DEPOT,4161
OFFICE PRO,4162
OFFICE XP,4163
OFFICEJET,4168
OFFICE-SAFE,4165
OFIK,4188
OFILINE,4189
OFILINEA,4190
OFIMAGEN,4191
OFIMAGEN LUXO,4192
OFIMEX,4193
OFIMUEBLE,4194
OFINO,4195
OFITODO,4196
OFIVIC,4197
OFYK,4199
OH8,4200
OHAN,4201
OHAUS,4202
O-HAUS,4141
OHIO,4207
OHS,4208
OHV,4212
OIVETTI,4213
OKEN,4216
OKIDATA,4218
OLEO,4220
OLEO MAC,4221
OLEO-MAC,4222
OLIMPIC,4226
OLIMPICO,4227
OLIMPO,4229
OLIMPYA,4231
OLIMPYCA,4232
OLIMPYIA,4233
OLIPMIA,4235
OLIVER,4236
OLIVETTI,4239
OLIYMPIA,4247
OLMECA,4248
OLSO,4249
OLTA US,4250
OLYMPIA,269
OLYMPIA CONFORTYPE,4255
OLYMPIA.,4256
OLYMPIC,4257
OLYMPUIA,4258
OLYMPUS,4230
OLYMPUS TOKYO,4253
OLYPIA,4261
OMC,4263
OMEGA,4264
OMGA,4265
OMNI,4266
OMNI POWER,4267
OMNI PRO UPS,4268
OMNI SMART,4269
OMNIBOOK,4271
OMNIPCX,6651
OMNIPOWER,4272
OMNI-POWER,4270
OMNIPRO,4273
OMNISMAR,4274
OMNISMART,4275
OMNLITE,4276
OMRON,4277
ONE PITTE,4278
ONETO,4280
ONE-UPS,4279
ONGUARD,4281
ONKIO,4282
ONKYO,4283
ONS,4285
ONV,4286
OPC-300GL,4287
OPERCUB,4288
OPH,4289
OPM,4290
OPTICAL,4291
OPTIMA,4292
OPTIMUS,4293
OPTOMA,4297
OQUIDATA,4298
ORACLE,4299
ORBITAL,4301
ORBITYPE,4302
ORDOÑEZ,4303
ORION,4305
ORION A,4306
ORION HVE,4307
ORSIS,4308
OSATU,4309
OSELCO,4310
OSHIBA,4311
OSLO,4312
OSRAM,4313
OSSTER,4314
OSTA,4315
OSTER,4316
OSTERIZER,4317
OSWI,4322
OSWI-800,4323
OSWI-8000,4324
OTA,4325
OTORGA,4326
OTT,4327
OTT KEMPTE,4328
OTT.,4329
OTTE,4330
OTTO,4332
OTTOMORE,4333
OTTOMOTORES,6612
OUVESA,4334
OVERHEAD,4335
OWERWARE,4336
OXBERRI,4337
OXIGEN,4338
OXWELD,4339
OYLMPIA,4340
OYMPIA,4341
OZ GENIUS,4342
OZALID,4343
OZTERIZER,4345
P & C,6566
P. HEWLETT-P.,4352
P.G,4355
P.G.,4356
P.K,4358
P.M,4359
P.M.J.,4372
P.SCIENTIFIC,4380
PACIFIC WIRELESS,6685
PACKARD,4386
PACKARD B,4387
PACKARD BRIO,4388
PACO,4389
PACO SOBRI,4390
PADIO,4391
PAGEANT,4392
PAINE,4394
PALERMO,4395
PALM,6093
PALM MUEBLES,4396
PALM TOP,4397
PALMER,4398
PALMTOP,4399
PALOMATIC,4400
PAMEX,4401
PANAFAX,4402
PANAS,4403
PANASOLNIC,4404
PANASONIC,4405
PAPEC,4411
PARA BASURA,4412
PARACPLIPS,4413
PARAGON,4414
PARAMOU,4417
PARAMOUM,4418
PARAMOUNT,4419
PARCEC,4420
PARSEC,4421
PARSECT,4422
PARSEK,4423
PARTNER,4424
PASPORT,4426
PASTELLE,4427
PATTION,4428
PATTON,4429
PATTON &,4430
PAVILION,4431
PAY MASTER,4432
PAYMASTER,4433
PAYNE,4434
PC,4435
PC 353,4436
PC GUARDIA,4437
PC GUARDIAN,4438
PC T LUXE,4439
PC TOOLS,4440
PC/CHIPS,4445
PC-300,4441
PCGUARDIAN,4446
PCTOOLS,4447
PCXCV-VBA,4448
PDE MAX,4449
PEAVEY,4450
PECSON,4451
PECSSA,4452
PEERLES,4453
PEERLESS,4454
PEGASO,4455
PELCO,6615
PELIKAN,4456
PENA INISA,4458
PENHAINISA,4459
PENKIN,4460
PENRIL,4461
PENRILL,4462
PENSYLVANIA,4463
PENTAX,4464
PENTIUM,4467
PENTIUM II,4468
PENTIUM III,4469
PENTIUM IV,4470
PENTIUN -III,4471
PENTUM,4472
PEOCESINTE,4473
PERECT,4474
PERESA,4475
PERFEC,4476
PERFECTIOM,4477
PERFECTION,4478
PERFEX,4479
PERFIL,4480
PERKIN,4482
PERKIN ELM,4483
PERKINELM,4484
PERKING,4485
PERKINGS,4486
PERKINS,4487
PERLA,4488
PERLISAS,4489
PERMO,4490
PERNL,4491
PERSEC,4492
PERYL,4493
PETRI,4494
PETRUS,4495
PETTIBONE,6567
PETWAY  LICENCIA CORP.,4496
PH,4497
PHENA ED-2,4499
PHENA ED-200,4500
PHILADELPHIA,4505
PHILADELPIA,4506
PHILCO,4507
PHILIPS,4508
PHILIPS HR,4509
PHILLEPS,4510
PHILLIIPS,4511
PHILLIPAS,4512
PHILLIPS,4513
PHILLIPS16,4514
PHILLIPS18,4515
PHILLISPS,4516
PHILLPS,4517
PHILLSPS,4518
PHILPS,4519
PHJ,4520
PHONE,4521
PHONE MATE,4522
PHONIX,4524
PHOTO,4525
PHOTOVOLT INSTRUMENTS,4526
PHPOGENIC,4527
PHULLIPS,4528
PIANNE,4529
PIE DE REY,4531
PIEZO,4532
PILLIPS,4533
PIMSA,4535
PINCOR,4536
PINE,4537
PINSA,4540
PINTARRON ALFRA,4541
PIONER,4543
PIONJAR,4544
PIPET AID,4546
PIRAMID,6580
PIREX,4547
PIROVI,4548
PIZA GUAD,4550
PJH,4551
PK STELL,4552
PKWARE,4554
PKZIP,4556
PLANELEC,4557
PLANELEC-GROBAN,4558
PLANET (GATEWAY),4559
PLANET(GATEWAY),4560
PLANIMETER,4562
PLANTIUM,4564
PLIANENE,4566
PLIMPIA,4567
PLK-ST,4568
PLM,4569
PLOMATIC,4570
PLUS,4571
PLUS NET,4572
PM,4574
P-M,4350
PM NACIONAL,4579
PM RAMAHE,4580
PM STEELE,4348
PMP,4615
PMS,4616
PMV,4622
POCLAIN,4626
POINT FOUR,6542
POINT FUOR,4627
POLAR,4628
POLARIS,4631
POLAR-JET,4629
POLAR-JEYT,4630
POLAROID,4632
POLIJACTO,4633
POLIMATI,4634
POLOMAT,4635
POLOMATIC,4636
POLOMATICA,4637
POLOOMATIC,4638
POLUX,4639
POLWARE,4642
POLY PERK,4643
POLYCOM,6592
PONEVERA,4644
PONI,4645
PONTEVEDRA,4646
PONTEVEEDRA,4647
PONTEVERA,4648
PONTEVERDA,4649
POP NOVA,4650
PORKERT,4651
PORSEC,4652
PORTASCRIB,4653
POSTALIA,4654
POULAN,4655
POULAN PRO,4656
POULKAN,4657
POULMAN,4658
POWE,4659
POWER,4660
POWER EDGE,4662
POWER ELEC,4663
POWER ELEC.,4664
POWER ELECT,4665
POWER ELECTR,4666
POWER EXHAUST,4667
POWER PLA,4668
POWER STAT,4669
POWER WARE,4671
POWERCOM,4661
POWERPLA,4677
POWERTOOLS,4678
POWERWARE,4679
PRACTICA,4681
PRACTICAL,4682
PRAKTICA,4683
PRAXAIR,4684
PRECICION,4685
PRECISION,4686
PREMIER,4688
PREMIUM,6652
PRESCION,4690
PRESIDE,4692
PRESITTION,4695
PRESSLER,4696
PRESSURE,4697
PRESTIGE,6633
PRESTO,4698
PRESURE,4699
PRETUL,6687
PRIGABAR,4700
PRIMAX,4701
PRIME,6681
PRIN,4704
PRINTAFORM,4714
PRINTING,4719
PRINTONIX,4720
PRINTRONIX,4721
PRINTYA FORM,4722
PRISMATIC,4723
PRITAFORM,4724
PRKINS,4725
PRM,4726
PROAM,4727
PROAM/JBL,4728
PROAQUA,6
PROBAT,4729
PROCTOR SILEX,4731
PROD.INDUS,4732
PRODEMA,4733
PRODUC TYPE,4734
PRODUCTOS RENAUT,4735
PROETE,4736
PROFISIX,4737
PROFORACLE,4738
PROFORT,4739
PROGEN,4740
PROLAMI,4741
PROLINEA,4742
PROMEOSA,4745
PROMEX,6689
PROMOR,4747
PROPRINTER,4751
PROSESA,4752
PROTEC,4753
PROTECTOLADA,4754
PROTEMEX,4755
PROTEWIND,4756
PROTO,4757
PROVEJAL SA,4743
PROVEL,4758
PROVIEW,4759
PROWLER,4760
PROXIMA,4761
PROXIS,4762
PRU,4763
PRYAMO,4764
PS/1,4765
PSRCEC,4766
PUEBLA,4768
PUERESA,4769
PULLMAN,4770
PULOMARIC,4771
PULSAR,4772
PUMP,4773
PUNTO AZUL,4774
PUPIR,4776
PUR EZA,4777
PURA,4778
PURE,4779
PURE S.A,4780
PURE S.A.,4781
PURE SA,4782
"PURE, S.A.",4783
"PURE, SA.",4784
"PURE, SA.A.",4785
"PURE,S.A.",4786
PURE. S.A.,4787
PURELLI,4788
PURERSA,4789
PURESA,4790
PUREZA,4791
PYREX,4792
PYSI,4793
PYSY,4794
PZ ZWEEGERS,6519
QSC,6668
QUADSPDE,4798
QUAL-3COM,4799
QUALITY,4800
QUANTUM,4801
QUARTZ,4802
QUASAR,4803
QUATRO PRO,4804
QUAYANDDIV,4805
QUEBEC,4806
QUEBET,4807
QUESTIONS,6717
QUICKSILVR,4808
QUILLET,4809
QUIN ZALOR,4810
QUINCY,4811
QUIROGA,4812
R Y G,4813
R. KYOWN,4816
R.FUESS,4817
RAACHE,4819
RABEN,4820
RABI,4821
RABONE C,4822
RABY,4823
RAD,4824
RADICORTA,4825
RADIOSHACK,4826
RADIZORTA,4827
RADSON,4828
RALCO,4829
Rally,5127
RALVEN,4830
RAMAHE,4832
RAMBLER,4833
RAMIREZ GENEL,4835
RAMIRO,4836
RAMSA,4837
RAMSES,4838
RAMSOM,4839
RAMSON,4840
RANGUIER,4842
RANSOM,4843
RANSON,4844
RANSONM,4845
RAPID,4846
RAPIDO PRIN,4847
RAPIDOGRAP,4848
RAPIDPRINT,4849
RAPS,4850
RAPSON,4851
RAT,4852
RAX,4853
RAYTEHO,4854
RCA,4855
REACY FYRE,4856
REAGAL,4857
REAL BEN,4858
REALEVN,4859
REALIST,4860
REALISTIC,4861
REALVEN,4862
REALVEN.,4863
REASA,4864
REASA G,4865
REBSTER,4866
REBURE,4867
RECOLD,4868
RECORD,4869
RECORDER,4870
RED,4871
RED LEAF,6596
RED-COM,4872
REDMERS,4873
REDOX,6672
REED,4874
REELESA,4875
REFAMOSA,4876
REFCO,4877
REFCO 10 GLS,4878
REFCO 10GLS,4879
REFEECTO,4880
REFRIAUTO,4882
REGAL,4883
REGENCY,4884
REGIL,4885
REGMITON,4886
REGULADORES,4887
REGULUS,4889
REGULUZ,4890
REICHARD,4891
REICHER,4892
REICHERT,4893
REICHTER,4894
REICHTRT,4895
REIFF,4896
RELAVEN,4897
RELVEN,4898
REMES HNOS.,4899
REMINGTON,4903
REMINGTONN,4906
REMINGTONS/M.,4907
REMQUP,4910
REMSA,4911
RENAUD,4912
RENAULT,4913
RENAUT,4914
RENDUD,4915
RENEGA,4916
RENIER,4917
RENIGTON,4918
RENO,4919
RENOU,4920
RENOUD,4921
RENOUF,4922
RENOVA,4923
RENSA,4924
RENTA,4925
REPLASMA,4926
REPOSET,4928
REPRESA,4929
REQUIEZ,4930
REQUIZ,4931
REROTARY,4932
RESICION,4933
RESS,4934
RESTCH,4935
RETCHERT,4936
RETILINEA,4937
RETON,4938
REV-100,4940
REVCO,4941
REVETMEX,4942
REVETSA,4943
REVIERA,4944
REVIVAI,4945
REVOX,4946
REVUELTA,4947
REWINDER,4948
REX,4949
REX ROTARI,4950
REX ROTARY,4951
REXITEL,4953
REX-ROTARY,4952
REYD,4954
REYES,4955
REYES Y CATALA,4956
REYNOLDS,4957
R-FUES,4815
RICHARD,4961
RICOH,4962
RICON,4963
RICOSSA,4964
RICSA,4965
RICVIERA,4967
RID SID,4968
RIDE,4969
RIDGID-KOLLEMAN,4970
RIEVIERA,4971
RIGGSA,4972
RIGIL,4973
RIGSA,4974
RIIVIERA,4975
RIMAC,4976
RIMO,4977
RINGMASTER,4979
RING-MASTER,4978
RINO US.T,4980
RINO VS.T,4981
RINOS,4982
RIO BRAVO,4983
RIOGWAYS,4984
RIOJA,4985
RIOS ROCHA,4987
RIOSSA,4990
RIPS,4992
RISK,4993
RISPLAN,4994
RIVIERA,1329
RIZE,5006
RKI IKEMOTO,5007
RNOUND,5008
ROADLINE,5009
ROBBINS,5011
ROBERTSHAW,5012
ROBIN,5013
ROBINSON,5014
ROCHA,5015
ROCIL,5016
ROCKET TRAILERS,5021
ROCKWELL,5025
ROCK-WELL,5017
RODACASA,5026
RODAL,5027
RODARTE,5028
RODEER,5029
RODEMS,5030
RODEN,5031
RODER,5032
RODERS,5033
RODERSE,5034
RODERSH,5035
RODHER,5036
RODHER AZT,5037
RODHER M,5038
RODHERM,5039
RODHERMUEBLE,5041
RODHERN-M,5042
RODIGAN,5044
RODMERS,5045
RODRE,5046
RODYGAM,5047
RODYGAN,5048
RODYGEN,5049
RODYMUEBLE,5050
ROEDHEMUEB,5051
ROG,5052
ROGIL,5053
ROGSA,5054
ROHAUS,5055
ROHER,5056
ROHERS,5057
ROJIL,5058
ROKKOR,5061
ROKUNAR,5062
ROLLEI,5064
ROLLET,5065
ROLLO,5066
ROLL-ROYCE,5063
ROLODEX,5067
ROMA PRINTAFORM,5068
ROME,5069
ROMER,5070
ROMEX,5071
ROMEX VEGA,5072
ROMO,5073
RONOVD,5074
ROSBECH,5078
ROSCOPE,5080
ROSENBERG,5081
ROSS GRAPH,5095
ROSSBACH,5087
ROTARI,5096
ROTO UNI,5098
ROTOFIX,5099
ROTOLITE,5100
ROTRING,5101
ROTRON,5103
ROTT,5104
ROTUMATIC,5105
ROUTER,5106
ROVY LEITZ,5107
ROWALD V. DIGGINS,5108
ROWI,5109
ROYAL,5110
ROYER,5111
RPDHER,5112
RTC,5113
RUAKURA,5114
RUBCO,5115
RUBERMAID,5116
RUDHERMUEB,5117
RUDOLF,5118
RUDOLF BAUER,5119
RUF,5120
RUF.MEXICA,5121
RUFF,5122
RUVA,5124
RVEGA,5125
RYSE,5126
S P C,5131
SACONT,5187
SAECO,6705
SAHUARO RE,5188
SAHURARO,5189
SAINZ DE ROBLES,5191
SAIT CRUISIER,5192
SAKURA,5193
SALAAT,5195
SALAMANCA,5196
SAMBA,5197
SAMBAR,5198
SAMEX,5199
SAMPLER,5200
SAMSUNG,5205
SAMTRON,5206
SAMURAI,5207
SAMYANG,5208
SANDER,5209
SANDYO,5210
SANITARY,5211
SANKYO,5212
SANNON,5213
SANTY,5217
SANYIO,5218
SANYO,5219
SARD,5220
SARGENT,5221
SARGENT WELCH,5222
SARMEX,6600
SARO,5
SARTORIUS,5228
SAT,5229
SATCK,5230
SATURNO,5233
SAUDER,5235
SAUTER,5237
SAWERS,5238
S-B TECSA,5135
SCALA,5239
SCAS,5240
SCHICHER,5242
SCHULTZ,5244
SCIENCEWARE,1017
SCIENTIF,5245
SCO UNIX,5246
SCORPIO,5248
SCOUT,5249
SCRIPT,5250
SCUBA,5251
SEARS,5252
SEARY,5253
SECCSA,5255
SECURITRON,6609
SEED BLOWER,5265
SEEDBURO,5269
SEIGER,5274
SEIKO,5275
SEISA,5277
SELIMEC,5280
SELMEC,5281
SENN,6669
SENTRA,5283
SENTROL,5284
SENTRY,5285
SENTRYSAFE,6697
SER,5286
SERRAT,5287
SERVIBAR,5289
SERVICAL,5290
SERVICIO,5291
SERVICOL,5292
SERVIN,5293
SERVIPLUS,5294
SETH TOMAS,5296
SETTEING,5297
SF-DE-MEX,5299
SGC,5303
SGE,5304
SHADE,5305
SHAKESPEAR,5307
SHANDOW,5308
SHAP,5309
SHARA,5310
SHARNER,5311
SHAROP,5312
SHARP,5313
SHERPA,5315
SHERWOOD,5316
SHINMASUZAWA,5317
SHINRAI,5318
SHIRAR,5319
SHOMATE,5320
SHOOL VIEN,5321
SHORELANDR,5322
SHREDEMAS-TER,5323
SHUBE,5324
SHUMACHER,5325
SHURE,5326
SIAM-WABCO,5328
SIBROM,5329
SIBRON,5330
SICLOMEX,5331
SIDENA,5332
SIDROMEX,5333
SIEM,5335
SIEMENS,5336
SIEMES,5338
SIENTEL,5340
SIENTIFIC,5341
SIERRA,5342
SIFFLIE,5343
SIGLOMEX,5347
SIL TROC,5350
SILCO,5351
SILEX,5352
SILVA,5353
SILVER,5354
SILVER-BEAUTY,5355
SILVERT,5356
SIM,5357
SIMAN,5360
SIMCO,5361
SIMEX,5362
SIMGY,5367
SIMILL,5368
SIMMONS,5369
SIMPLEX,5371
SIMPSON,5372
SIMSA,5373
SIN MARCA,5389
SINEX,5402
SINGER,5403
SINTRONIC,5408
SISCOM,5411
SISTEMS,5412
SITRON,5413
SIUX,5414
SIX-STAR,5416
SKIL,5418
SKREBBA,5420
SL WABER,5423
SLEDBLOWER,5424
SLIMED,5425
SLINK BUILDER,5426
SMARPS,5429
SMART 30000,5430
SMART BOARD,5431
SMART NET,5432
SMART SIGHT,6621
SMARTBITT,6667
SMC,5433
SMILH,5434
SMILM,5435
SMISHOS,5436
SMITH,5438
SMITH-CORONA,5445
SMITHS,5447
SMMA,5448
SNAP-OON,5449
SO LOW,5450
SOCOMEC,5453
SODIACO,5454
SOFER,5455
SOGLOMEX,5456
SOHEIBLER,5457
SOIKA,5458
SOIL MITSTU,5459
SOIL TEST,805
SOKKIA,5461
SOKKIA PLANIX,4563
SOKKISHA,5462
SOL,5463
SOL DATA,5465
SOL MAT,5466
SOLA BASIC,2932
SOLA MICRO,5473
SOLA PC,5474
SOLA PC 500,5475
SOLA SB,5476
SOLA SKVA,5477
SOLAR,5481
SOLATRON,5482
SOLBAT,5483
SOL-BAT,5467
SOLDER,5486
SOLER,5487
SOLERY PAL,5488
SOL-GAT,5468
SOLIDEX,5489
SOLITEST,5490
SOLMATIC,5491
SOLO CAFE,5493
SOLO PORT,5494
SOLON ENV,5496
SOLO-PORT,5495
SO-LOW,5451
SOLSAT,5497
SOLUBRIDGE,5498
SOLVAT,5499
SOMBRON,5500
SOMECOEX,5501
SONIKA,5504
SONY,5506
SOPENA,5514
SORTORIUS,5515
SOUNDTRACK,5516
SOUTH DAKOTA D,5517
SPACE SAVER,5520
SPANCER BU,5521
SPARVEL,5522
SPB,5523
SPC,5524
SPECIAL,5525
SPECTRA,6693
SPECTROLINE,5528
SPECTRONIC,5529
SPEED,5530
SPEEDAIRE,5533
SPEHIRY,5535
SPER JET,5538
SPER SCIENTIFIC,5537
SPERRY,5539
SPERRY REMINGTON,4905
SPI,5540
SPICER,5541
SPINCO BEC R,5542
SPL,5544
SPLICER,5545
SPORT,5546
SPOTLIGHT,5551
SPRAY DOC,5553
SPRAYMEX,5555
SPRING WOOND,5557
SPRYMEX,5558
SQUAR D,1829
SQUARED,5562
SQUIBB,5563
SRHILL SR 400,5566
SRWEGERS,5567
STACK,5570
STACO,5571
STAEDTLER,5573
STAMFORD,5578
STAN CRIPT,5579
STANDAR,5580
STANDARD,5581
STANDARGRA,5582
STANDLER,5583
STANFORD,5584
STANLEY,5585
STANO,5588
STANO SCRIPT,5589
STANOPEN,5590
STAR,5591
STAR DRAPER,5593
STAR MICONISCS,5594
STAR MICRO,5595
STAR MICRONICS,5596
STARLINE,5598
START,5599
STATE,5600
STEIGER,5613
STEINCORFF,5614
STEINLIFE,5615
STEINLITE,5616
STEPHENSON,5624
STEREN,1840
STEROCLAV,5627
STEVENS,5628
STEVES,5629
STGELE L.T,5630
STIHL,5635
STILL,5639
STIND,5641
STIRRE,5642
STL RUAKUR,5643
STNIL,5644
STOMACHER,5645
STONACHER,5646
STOOVATCH,5647
STRANGER,5648
STRAUB,5650
STROMBERG,5651
STRONGER,5653
STRONGHOLDS,6571
STURTEVANT,5658
SUAREZ,5659
SUBWOOFER,5660
SUERTAK,5661
SULBAT,5664
SULLIVAN,5665
SULTANA,5666
SUM,5667
SUMBEAM,5668
SUMITH CORONA,5670
SUMMA GRAPHICS,5671
SUMPOD,5675
SUN,5676
SUN BLADE 150,5678
SUN ENTERPRISE 10000,5679
SUN FIRE,5680
SUN RACK,5681
SUNAME,5683
SUNET,5685
SUNMATIC,5686
SUNN,5687
SUNNTO,5688
SUNNYWELL,5689
SUNPACK,5690
SUNY,5692
SUPELCO,5694
SUPER,5695
SUPER DELT,5697
SUPER DELUXE,5696
SUPER ECO,5698
SUPER JOLLY,5700
SUPER STAR,5703
SUPER-A-5,5709
SUPERDELTA,5710
SUPEREGO,5711
SUPERJOLLY,5712
SUPERMATIC,5714
SUPER-VENT,5707
SUPREMO,5718
SUREFIRE,7
SUREX,5719
SURFACE,6695
SURGE,5720
SURPAK,5721
SUUMTO,5722
SUUNTO,5723
SUZUKI,5724
SWEETWATER,5737
SWIFT,5740
SWING,5744
SWINQLINE,5745
SWINTEC,5746
SWISSMEX,5751
SYBRON,5754
SYMANTEC,5757
SYNCROGEAR,5760
TABA,5771
TACUMAR,5772
TAESA,5774
TAJIMA,5775
TAKEDA,5776
TAKUMAR,5778
TAMACO,5779
TAMAYA,5780
TAMPICO,5782
TAMRON,5783
TANDBERG,5784
TAPISA,5785
TARBY,5787
TASCAM,5788
TASCO,5789
TASHIN,5790
TATSA,5791
TATUNG,5792
TAURO,5793
TAURUS,5794
TAYLER,5795
TAYLOR,5796
TAYLOR WHA,5798
TDE MAX,5806
TEAC,5811
TECCSA,5817
TECH,5818
TECHINO,5820
TECHINOV,5821
TECHJET,5822
TECHJET DESIGNA,5823
TECHKS,5824
TECHNICS,5825
TECHNO VALLEY,5837
TECHNOLOGI,5842
TECHPAD,6704
TECNICOLOR VCR,5856
TECNO,5858
TECNO VHS,5860
TECNOLLY,5863
TECNOMUEBLES,6578
TECNOS,5864
TECOSA,5870
TECSA,5872
TECUMSEH,5874
TEDMAX,5876
TEEL,5877
TEJASA,5878
TEKA,5879
TEKASA,5881
TEKNE,5882
TEKNO,5884
TEKSTIR,5885
TELCO,5887
TELECALL,5889
TELECOSMO,5890
TELEFAX,5891
TELESCA,5892
TELETEXT,5893
TELETRONICS,6682
TELEVIDEO,5894
TELEX,5895
TELEX CARAH,5896
TEL-GURLEY,5886
TELLY,5897
TELMEX,5898
TELTRON,5899
TELXON,5900
TEMCO,5901
TEMPER,5902
TEMPSTAR,2759
TEPER,5906
TEPO,5907
TERMO LIME,5909
TERMO REY,5910
TERMOJET,6572
TERMOLYNE,5911
TERMOMIX,5914
TERRAILLON,5916
TERSA,5917
TESA,5918
TEST RITE,5922
TEXAS INSTRUMENTS,5924
TEXSA,5930
TEYLOR,5931
T-FAL,6676
THELCO,5933
THERMA,5935
THERMODYNE,5936
THERMOLYNE,5940
THIES,5941
THOMAS SCIENTIFIC,5943
THOMMEN,5949
THOMPSON,5951
THRMOLYNE,5956
THRUKINE,5957
TIFFEN,5960
TIGER,5961
TIGUE TEK,5962
TILAPAN,5963
TILLMAN,5964
TIMBERLINE,5965
TIMCO,5966
TIMER,5967
TIMEX,5968
TINE,5969
TIPSA,5974
TISA,5975
TITANIUM,5976
TOEC,5984
TOEI,5985
TOEL,5986
TOHO,5987
TOK,5988
TOKIO,5990
TOKYO,5991
TOLEDO,5992
TOMACHER,5993
TOMMAN,5995
TOMSED,5996
TOPAZ SYSTEM,5997
TOPCON,5998
TOPIX,5999
TOPOCON,6001
TORILLO,6003
TORIN,6004
TORINO,6005
TORMEX,6006
TORNADO,6007
TORREY,6002
TOSCANO,6011
TOSHIBA,6013
TOTAL,6015
TOTALINE,6016
TOUCHSCREEN,6017
TOYODEN,6019
TOYOSUMI,6021
TOYOTA,6022
TPO,6539
TPR,6023
TRACOR,6024
TRACTOR,6025
TRAGESA,6026
TRAILMOBILE,6027
TRANE,6028
TRANZEO,6683
TRAVEL AIRE,6029
TREBOCHST,6033
TRECOM,6034
TRENDNET,860
TRENICE,6036
TREVIÑO,6037
TRIALTA,6038
TRIMBLE,6573
TRIMMER,6040
TRINFO,6041
TRINITRON,6042
TRINITY,6043
TRINOR,6044
TRIPP LITE,6045
TRIPPLIK,6066
TRISSOT,6068
TRITON,6069
TRIUMPH,6070
TRIUNFO,6072
TRNE,6073
TRO 150,6074
TRONAIR,6575
TROPHY,6075
TROY,6076
TROY-BILT,6077
TRUE,6079
TRUPER,6081
TS-GK,6084
TSK,6085
TUNDER-VOL,6092
TURBOSOPLA,6095
TURIN,6096
TURMIX,6097
TURNER,6099
TVILUM-SCANBIRK,6101
TYLER,6102
UCHIDA,6109
ULTRA,6111
ULTRA-ASEPT,6112
ULTRAPHOT 11,6113
ULTRAVENT,6110
ULTRAVIOLET,6120
UNDERWOOD,6121
UNDERWRITERS,6122
UNGUARD,6123
UNICOM,6124
UNIDERN,6125
UNIGRAFT,6128
UNION,6130
UNION SPECIAL,6131
UNISONIC,6132
UNITED,6576
UNITEL,6133
UNITREX,6134
UNIVERSAL,6135
UNOCERO,6137
UREK,6140
URICANE,6141
URREA,6143
US ELECTRICAL,6145
USHICA,6150
USROBOTICS,6151
USSEL,6153
UTB,6154
UTILITUY,6155
UVGA,6156
VALLEY,6185
VALSI,6186
VANBEUREN,6188
VANGLEN,6190
VANGUARD,6191
VANTAGE,6193
VAQUER,6194
VARD,6195
VARIAN,6198
VASCONIA,6201
VCON,6622
VEC,6203
VECO,6204
VELBON,6207
VELO-BING,6211
VEM KMER,6212
VEMCO,6213
VEMCO DERIEL,6214
VEMCU,6215
VEMKER,6216
VENCOOL,6218
VENECIA,6219
VENSA,6221
VEO,6222
VERACRUZ,6223
VER�STEGUI,6224
VERONA,6225
VERSALLES,6226
VERTEX,6227
VEXON,6229
VGA,6230
VGPR,6231
VHG,6234
VH-T,6233
VICA,6238
VICI,6243
VICTOR,1297
VICTOR D.S.,6245
VICTOR DAT,6246
VICTORIA,6248
VICTORS D.S.,6249
VICTORY,6250
VIDEOVOX,6251
VIEWSONIC,6254
VIGGERS,6255
VIKINGO,6256
VIMALERT,6259
VIOLA,6263
VIRUS SCAN VSHIELD,6265
VISION,6268
VISOGRAF,6266
VISORAMA,6267
VISUAL ANALITYCS,6656
VISUAL C++,6269
VISUAL FOX PRO 3.0,6270
VIVITAR,6271
VOGAR,6273
VOICE,6274
VOLKSWAGEN,6277
VOLPI,6282
VOLPI-BOT,6283
VOLTA,6288
VONHAUCKE,6187
VORTEX,6303
VOX,6308
VS MEXICO,6309
VSAT,6310
VULCANO,6312
VULITE III,6313
VWR,6318
WABCO,6325
WACOM,6326
WALSA,6322
WALT,6329
WALTER-TURNER,6330
WAMBAO,6331
WAMBO,6332
WANG,6333
WARE,6334
WARKING,6335
WARLITZER,6336
WARNER,6338
WARNING,6339
WARRING,6340
WARRIOR,6341
WARTH-BAWN,6342
WATER,6343
WATERGATE,6344
WAYNERITAM,6345
WDUSTAUNIC,6346
WEG,6355
WEGGIMEO,6356
WEISS,6357
WELCH-FELI,6359
WELDER,6208
WELDOM,6360
WELLER,6361
WEN,6362
WENTHEIM,6364
WEST BEND,6363
WEST INDIA,6369
WESTCLOCK,6374
WESTINGHOUSE,6382
WESTPHAL,6387
WHELL,6389
WHIRLPOOL,6391
WHITE WEST,6393
WIDCO LOGGERS,6395
WIDDERB,6396
WIEGAND,6608
WIFT,6397
WIKH-LAMBRETCH,6398
WIL,6399
WILD HEERBRUGG,6400
WILDOPTICO,6402
WILE,6403
WILH LAMBR,6404
WILLER,6405
WILLOW,6406
WILSON,6408
WILTT,6413
WINCHESTER,6414
WINCONSIN,6415
WINDMERE,6416
WINSOR,6423
WIRE BIND,6425
WIREBIN,6426
WISCONSIN,6428
WISTVA INTERNATIONAL,6724
WLE,6429
WOLFE,6432
WOODS,6434
WORKSSX,6439
WORLD,6441
WORMSER,6442
WORTHINGTON,6443
WRITER&CD,6444
WURLITZER,6445
WYAW,6447
WYSE,6448
XEROX,6451
XLZ,6454
XR16A,6455
XTB1,6456
YAESU,6458
YALE,6460
YAMAHA,6461
YAMATO,6462
YANKEE,6466
YASHICA,6467
YAWMAN & ERBE CO.,6470
YELLOW JACKET,6471
YENKEE,6473
YOLISPA,6478
YORK,6479
YSI,6481
YSI SPRINTECH,6484
ZAPOPAN,6488
ZASC,6489
ZEBRA,6491
ZENA,6499
ZENITH ELECTRONICS,6501
ZENZA,6487
ZERO SETTING,6505
ZETA 3,6511
ZIMARRON,6512
ZINTRONIC,6513
ZKTECO,6671
ZODIACO,6514
ZOOM,6516
ZR,6517
ZURO,6518
LACIE,6725
LIFETIME,6726
